{
  "query 30" : {
    "transaction" : "query 30",
    "sampleCount" : 1,
    "errorCount" : 0,
    "errorPct" : 0.0,
    "meanResTime" : 2358.0,
    "minResTime" : 2358.0,
    "maxResTime" : 2358.0,
    "pct1ResTime" : 2358.0,
    "pct2ResTime" : 2358.0,
    "pct3ResTime" : 2358.0,
    "throughput" : 0.42408821034775235,
    "receivedKBytesPerSec" : 0.14992180873621713,
    "sentKBytesPerSec" : 0.0
  },
  "Query 28" : {
    "transaction" : "Query 28",
    "sampleCount" : 1,
    "errorCount" : 0,
    "errorPct" : 0.0,
    "meanResTime" : 9154.0,
    "minResTime" : 9154.0,
    "maxResTime" : 9154.0,
    "pct1ResTime" : 9154.0,
    "pct2ResTime" : 9154.0,
    "pct3ResTime" : 9154.0,
    "throughput" : 0.10924186148131963,
    "receivedKBytesPerSec" : 0.032857903648678174,
    "sentKBytesPerSec" : 0.0
  },
  "Query 15" : {
    "transaction" : "Query 15",
    "sampleCount" : 1,
    "errorCount" : 0,
    "errorPct" : 0.0,
    "meanResTime" : 30630.0,
    "minResTime" : 30630.0,
    "maxResTime" : 30630.0,
    "pct1ResTime" : 30630.0,
    "pct2ResTime" : 30630.0,
    "pct3ResTime" : 30630.0,
    "throughput" : 0.0326477309826967,
    "receivedKBytesPerSec" : 0.059301542605288936,
    "sentKBytesPerSec" : 0.0
  },
  "Query 26" : {
    "transaction" : "Query 26",
    "sampleCount" : 1,
    "errorCount" : 0,
    "errorPct" : 0.0,
    "meanResTime" : 2459.0,
    "minResTime" : 2459.0,
    "maxResTime" : 2459.0,
    "pct1ResTime" : 2459.0,
    "pct2ResTime" : 2459.0,
    "pct3ResTime" : 2459.0,
    "throughput" : 0.406669377795852,
    "receivedKBytesPerSec" : 0.01191414192761285,
    "sentKBytesPerSec" : 0.0
  },
  "Total" : {
    "transaction" : "Total",
    "sampleCount" : 6,
    "errorCount" : 0,
    "errorPct" : 0.0,
    "meanResTime" : 14287.0,
    "minResTime" : 2358.0,
    "maxResTime" : 38633.0,
    "pct1ResTime" : 38633.0,
    "pct2ResTime" : 38633.0,
    "pct3ResTime" : 38633.0,
    "throughput" : 0.06997329352630412,
    "receivedKBytesPerSec" : 0.03336942546094907,
    "sentKBytesPerSec" : 0.0
  },
  "query 17" : {
    "transaction" : "query 17",
    "sampleCount" : 1,
    "errorCount" : 0,
    "errorPct" : 0.0,
    "meanResTime" : 38633.0,
    "minResTime" : 38633.0,
    "maxResTime" : 38633.0,
    "pct1ResTime" : 38633.0,
    "pct2ResTime" : 38633.0,
    "pct3ResTime" : 38633.0,
    "throughput" : 0.025884606424559316,
    "receivedKBytesPerSec" : 0.008746165842673362,
    "sentKBytesPerSec" : 0.0
  },
  "query 45" : {
    "transaction" : "query 45",
    "sampleCount" : 1,
    "errorCount" : 0,
    "errorPct" : 0.0,
    "meanResTime" : 2488.0,
    "minResTime" : 2488.0,
    "maxResTime" : 2488.0,
    "pct1ResTime" : 2488.0,
    "pct2ResTime" : 2488.0,
    "pct3ResTime" : 2488.0,
    "throughput" : 0.40192926045016075,
    "receivedKBytesPerSec" : 0.009420217041800643,
    "sentKBytesPerSec" : 0.0
  }
}